skeeball,classic,310,precision
Skee Ball,0,,
Skee Ball,0,,
Skee Ball,0,,
Skee Ball,0,,
Skee Ball,0,,
Skee Ball,0,,
Skee Ball,0,,
Skee Ball,0,,
Skee Ball,0,,
Skee Ball,0,,
Skee Ball,0,,
Skee Ball,0,,
Skee Ball,0,,
Skee Ball,0,,
Skee Ball,0,,
Skee Ball,0,,
Skee Ball,0,,
Skee Ball,0,,
Skee Ball,0,,
Skee Ball,0,,
Skee Ball,0,,
Skee Ball,0,,
Skee Ball,0,,
Skee Ball,0,,
Skee Ball,0,,
Skee Ball,0,,
Skee Ball,0,,
Skee Ball,0,,
Skee Ball,0,,
Skee Ball,0,,
Skee Ball,0,,
Skee Ball,0,,
Skee Ball,0,,
Skee Ball,0,,
Skee Ball,0,,
Skee Ball,0,,
Skee Ball,0,,
Skee Ball,0,,
Skee Ball,0,,
Skee Ball,0,,
